date,COP_USD
2020-01-02,3255.95
2020-01-03,3263.95
2020-01-06,3262.05
2020-01-07,3273.0
2020-01-08,3246.88
2020-01-09,3255.98
2020-01-10,3271.95
2020-01-13,3269.45
2020-01-14,3286.52
2020-01-15,3298.9
2020-01-16,3322.4
2020-01-17,3332.0
2020-01-20,3332.52
2020-01-21,3353.52
2020-01-22,3332.38
2020-01-23,3360.96
2020-01-24,3366.05
2020-01-27,3400.13
2020-01-28,3385.6
2020-01-29,3389.05
2020-01-30,3414.75
2020-01-31,3420.65
2020-02-03,3395.75
2020-02-04,3361.45
2020-02-05,3362.48
2020-02-06,3380.15
2020-02-07,3414.45
2020-02-10,3453.7
2020-02-11,3420.43
2020-02-12,3388.63
2020-02-13,3376.52
2020-02-14,3392.1
2020-02-17,3397.77
2020-02-18,3407.73
2020-02-19,3391.07
2020-02-20,3403.5
2020-02-21,3381.61
2020-02-24,3432.47
2020-02-25,3430.44
2020-02-26,3451.74
2020-02-27,3476.44
2020-02-28,3529.05
2020-03-02,3495.55
2020-03-03,3459.59
2020-03-04,3473.82
2020-03-05,3522.0
2020-03-06,3586.14
2020-03-09,3792.83
2020-03-10,3795.93
2020-03-11,3849.96
2020-03-12,3951.57
2020-03-13,3981.25
2020-03-16,4090.0
2020-03-17,4022.8
2020-03-18,4100.77
2020-03-19,4106.38
2020-03-20,4092.34
2020-03-24,4104.03
2020-03-25,4079.91
2020-03-26,3990.35
2020-03-27,4037.79
2020-03-30,4060.75
2020-03-31,4055.75
2020-04-01,4063.5
2020-04-02,4049.5
2020-04-03,4015.0
2020-04-06,3978.85
2020-04-07,3910.77
2020-04-08,3895.2
2020-04-13,3871.75
2020-04-14,3854.08
2020-04-15,3892.78
2020-04-16,3931.11
2020-04-17,3940.98
2020-04-20,3977.8
2020-04-21,4047.6
2020-04-22,4032.16
2020-04-23,4022.77
2020-04-24,4043.2
2020-04-27,4060.55
2020-04-28,4042.31
2020-04-29,3924.3
2020-04-30,3942.86
2020-05-04,3988.38
2020-05-05,3933.23
2020-05-06,3965.09
2020-05-07,3924.38
2020-05-08,3893.9
2020-05-11,3898.13
2020-05-12,3881.85
2020-05-13,3912.86
2020-05-14,3942.82
2020-05-15,3914.45
2020-05-18,3852.52
2020-05-19,3834.55
2020-05-20,3814.7
2020-05-21,3769.55
2020-05-22,3780.68
2020-05-26,3727.77
2020-05-27,3733.65
2020-05-28,3699.4
2020-05-29,3732.0
2020-06-01,3718.97
2020-06-02,3636.63
2020-06-03,3606.95
2020-06-04,3590.75
2020-06-05,3575.13
2020-06-08,3607.38
2020-06-09,3657.38
2020-06-10,3673.38
2020-06-11,3774.11
2020-06-12,3779.15
2020-06-16,3749.55
2020-06-17,3748.91
2020-06-18,3753.15
2020-06-19,3740.7
2020-06-23,3699.63
2020-06-24,3727.45
2020-06-25,3731.52
2020-06-26,3750.17
2020-06-30,3757.75
2020-07-01,3715.55
2020-07-02,3642.8
2020-07-03,3651.68
2020-07-06,3637.19
2020-07-07,3625.61
2020-07-08,3641.33
2020-07-09,3622.75
2020-07-10,3621.61
2020-07-13,3620.45
2020-07-14,3623.05
2020-07-15,3623.2
2020-07-16,3643.07
2020-07-17,3650.9
2020-07-21,3623.19
2020-07-22,3638.07
2020-07-23,3668.45
2020-07-24,3693.28
2020-07-27,3677.7
2020-07-28,3724.9
2020-07-29,3705.97
2020-07-30,3723.53
2020-07-31,3732.83
2020-08-03,3768.9
2020-08-04,3780.49
2020-08-05,3776.23
2020-08-06,3741.5
2020-08-07,3772.64
2020-08-10,3774.4
2020-08-11,3741.4
2020-08-12,3758.25
2020-08-13,3771.45
2020-08-14,3792.27
2020-08-18,3782.8
2020-08-19,3758.04
2020-08-20,3803.35
2020-08-21,3837.7
2020-08-24,3855.84
2020-08-25,3868.18
2020-08-26,3835.95
2020-08-27,3815.68
2020-08-28,3745.28
2020-08-31,3741.1
2020-09-01,3678.55
2020-09-02,3655.3
2020-09-03,3693.1
2020-09-04,3715.38
2020-09-08,3738.2
2020-09-09,3715.93
2020-09-10,3708.36
2020-09-11,3708.25
2020-09-14,3698.02
2020-09-15,3700.7
2020-09-16,3686.93
2020-09-17,3715.94
2020-09-18,3736.96
2020-09-21,3790.18
2020-09-22,3828.88
2020-09-23,3864.04
2020-09-24,3827.5
2020-09-25,3887.15
2020-09-28,3871.6
2020-09-29,3887.49
2020-09-30,3829.18
2020-10-01,3845.06
2020-10-02,3870.82
2020-10-05,3830.1
2020-10-06,3832.18
2020-10-07,3838.6
2020-10-08,3839.34
2020-10-09,3826.52
2020-10-12,3825.98
2020-10-13,3862.07
2020-10-14,3837.26
2020-10-15,3849.49
2020-10-16,3849.48
2020-10-19,3844.7
2020-10-20,3821.65
2020-10-21,3768.84
2020-10-22,3785.48
2020-10-23,3788.34
2020-10-26,3814.09
2020-10-27,3810.48
2020-10-28,3835.55
2020-10-30,3870.94
2020-11-03,3820.1
2020-11-04,3815.03
2020-11-05,3764.57
2020-11-06,3722.51
2020-11-09,3648.6
2020-11-10,3628.98
2020-11-11,3632.38
2020-11-12,3643.18
2020-11-13,3639.63
2020-11-17,3638.99
2020-11-18,3644.92
2020-11-19,3649.12
2020-11-20,3641.75
2020-11-23,3644.82
2020-11-24,3639.71
2020-11-25,3620.26
2020-11-26,3616.85
2020-11-27,3613.02
2020-11-30,3600.75
2020-12-01,3570.65
2020-12-02,3530.71
2020-12-03,3476.1
2020-12-04,3467.04
2020-12-07,3487.87
2020-12-09,3465.68
2020-12-10,3439.45
2020-12-11,3435.54
2020-12-14,3429.97
2020-12-15,3424.97
2020-12-16,3418.14
2020-12-17,3412.43
2020-12-18,3419.94
2020-12-21,3427.28
2020-12-22,3451.75
2020-12-23,3488.25
2020-12-24,3499.47
2020-12-28,3495.02
2020-12-29,3480.71
2020-12-30,3429.73
2021-01-04,3432.69
2021-01-05,3446.24
2021-01-06,3425.09
2021-01-07,3474.13
2021-01-08,3475.8
2021-01-12,3483.5
2021-01-13,3478.77
2021-01-14,3462.02
2021-01-15,3465.69
2021-01-18,3480.35
2021-01-19,3487.04
2021-01-20,3471.73
2021-01-21,3479.85
2021-01-22,3527.05
2021-01-25,3589.13
2021-01-26,3596.38
2021-01-27,3621.18
2021-01-28,3572.99
2021-01-29,3575.78
2021-02-01,3568.8
2021-02-02,3530.27
2021-02-03,3528.58
2021-02-04,3555.52
2021-02-05,3547.25
2021-02-08,3561.38
2021-02-09,3582.55
2021-02-10,3557.99
2021-02-11,3527.71
2021-02-12,3510.12
2021-02-15,3501.84
2021-02-16,3521.39
2021-02-17,3540.46
2021-02-18,3539.68
2021-02-19,3559.25
2021-02-22,3597.85
2021-02-23,3590.88
2021-02-24,3571.22
2021-02-25,3592.82
2021-02-26,3608.27
2021-03-01,3616.94
2021-03-02,3637.01
2021-03-03,3661.06
2021-03-04,3643.62
2021-03-05,3635.33
2021-03-08,3615.32
2021-03-09,3598.41
2021-03-10,3582.17
2021-03-11,3542.72
2021-03-12,3568.25
2021-03-15,3572.19
2021-03-16,3558.49
2021-03-17,3567.33
2021-03-18,3570.78
2021-03-19,3551.6
2021-03-23,3579.04
2021-03-24,3614.09
2021-03-26,3667.92
2021-03-29,3680.71
2021-03-30,3720.43
2021-03-31,3704.37
2021-04-05,3660.2
2021-04-06,3646.17
2021-04-07,3643.11
2021-04-08,3642.07
2021-04-09,3639.01
2021-04-12,3653.54
2021-04-13,3666.46
2021-04-14,3672.36
2021-04-15,3612.88
2021-04-16,3609.7
2021-04-19,3602.02
2021-04-20,3639.46
2021-04-21,3627.09
2021-04-22,3637.61
2021-04-23,3639.63
2021-04-26,3652.5
2021-04-27,3715.51
2021-04-28,3708.85
2021-04-29,3710.47
2021-04-30,3729.88
2021-05-03,3819.67
2021-05-04,3824.86
2021-05-05,3845.59
2021-05-06,3821.25
2021-05-07,3763.64
2021-05-10,3740.42
2021-05-11,3708.81
2021-05-12,3747.06
2021-05-13,3729.79
2021-05-14,3704.54
2021-05-18,3666.45
2021-05-19,3672.45
2021-05-20,3696.84
2021-05-21,3746.15
2021-05-24,3736.25
2021-05-25,3734.9
2021-05-26,3743.15
2021-05-27,3729.19
2021-05-28,3707.15
2021-05-31,3711.95
2021-06-01,3666.21
2021-06-02,3649.8
2021-06-03,3646.58
2021-06-04,3599.98
2021-06-08,3604.85
2021-06-09,3591.9
2021-06-10,3589.94
2021-06-11,3603.44
2021-06-15,3663.95
2021-06-16,3678.23
2021-06-17,3713.35
2021-06-18,3745.4
2021-06-21,3759.14
2021-06-22,3782.27
2021-06-23,3784.94
2021-06-24,3774.42
2021-06-25,3731.85
2021-06-28,3708.75
2021-06-29,3767.41
2021-06-30,3752.35
2021-07-01,3784.65
2021-07-02,3743.27
2021-07-06,3787.46
2021-07-07,3831.4
2021-07-08,3843.38
2021-07-09,3834.01
2021-07-12,3823.02
2021-07-13,3824.41
2021-07-14,3794.99
2021-07-15,3802.23
2021-07-16,3809.99
2021-07-19,3854.89
2021-07-21,3854.63
2021-07-22,3870.01
2021-07-23,3869.56
2021-07-26,3908.43
2021-07-27,3919.06
2021-07-28,3905.47
2021-07-29,3867.61
2021-07-30,3830.75
2021-08-02,3886.29
2021-08-03,3911.09
2021-08-04,3909.46
2021-08-05,3910.18
2021-08-06,3957.44
2021-08-09,3997.33
2021-08-10,3969.9
2021-08-11,3944.04
2021-08-12,3858.58
2021-08-13,3846.38
2021-08-17,3879.42
2021-08-18,3852.32
2021-08-19,3870.11
2021-08-20,3872.2
2021-08-23,3876.48
2021-08-24,3866.65
2021-08-25,3865.0
2021-08-26,3866.14
2021-08-27,3829.46
2021-08-30,3815.79
2021-08-31,3771.96
2021-09-01,3762.93
2021-09-02,3797.56
2021-09-03,3800.6
2021-09-06,3794.52
2021-09-07,3813.82
2021-09-08,3834.76
2021-09-09,3853.15
2021-09-10,3838.69
2021-09-13,3833.47
2021-09-14,3829.92
2021-09-15,3814.78
2021-09-16,3816.97
2021-09-17,3830.0
2021-09-20,3842.8
2021-09-21,3838.39
2021-09-22,3832.01
2021-09-23,3833.42
2021-09-24,3837.65
2021-09-27,3843.52
2021-09-28,3834.9
2021-09-29,3839.97
2021-09-30,3807.8
2021-10-01,3793.38
2021-10-04,3795.4
2021-10-05,3785.05
2021-10-06,3787.56
2021-10-07,3774.5
2021-10-08,3766.81
2021-10-11,3761.39
2021-10-12,3721.18
2021-10-13,3744.4
2021-10-14,3771.35
2021-10-15,3767.47
2021-10-18,3770.62
2021-10-19,3767.2
2021-10-20,3767.56
2021-10-21,3780.25
2021-10-22,3774.11
2021-10-25,3767.8
2021-10-26,3769.23
2021-10-27,3759.45
2021-10-28,3777.75
2021-10-29,3767.37
2021-11-02,3795.98
2021-11-03,3834.24
2021-11-04,3869.34
2021-11-05,3878.85
2021-11-08,3876.38
2021-11-09,3862.9
2021-11-10,3881.91
2021-11-11,3878.63
2021-11-12,3884.63
2021-11-16,3895.34
2021-11-17,3918.43
2021-11-18,3925.4
2021-11-19,3916.18
2021-11-22,3894.82
2021-11-23,3949.88
2021-11-24,3975.13
2021-11-25,3984.3
2021-11-26,4015.7
2021-11-29,4035.59
2021-11-30,3962.76
2021-12-01,3971.56
2021-12-02,3938.27
2021-12-03,3967.44
2021-12-06,3932.17
2021-12-07,3910.65
2021-12-08,3905.56
2021-12-09,3903.02
2021-12-10,3901.3
2021-12-13,3890.83
2021-12-14,4003.09
2021-12-15,4000.1
2021-12-16,4019.45
2021-12-17,4028.13
2021-12-20,4007.16
2021-12-21,4001.07
2021-12-22,3999.62
2021-12-23,3998.88
2021-12-24,3993.43
2021-12-27,3999.42
2021-12-28,4011.35
2021-12-29,4038.04
2021-12-30,4080.32
2022-01-03,4061.8
2022-01-04,4081.55
2022-01-05,4024.35
2022-01-06,4033.05
2022-01-07,4051.08
2022-01-10,4051.98
2022-01-11,3993.25
2022-01-12,3974.38
2022-01-13,3967.85
2022-01-14,4004.03
2022-01-17,4007.11
2022-01-18,4038.09
2022-01-19,3995.04
2022-01-20,3977.23
2022-01-21,3955.38
2022-01-24,3977.05
2022-01-25,3970.77
2022-01-26,3930.4
2022-01-27,3963.65
2022-01-28,3957.0
2022-01-31,3947.01
2022-02-01,3925.51
2022-02-02,3932.49
2022-02-03,3954.19
2022-02-04,3955.68
2022-02-07,3965.25
2022-02-08,3948.21
2022-02-09,3939.78
2022-02-10,3920.2
2022-02-11,3930.02
2022-02-14,3944.5
2022-02-15,3951.85
2022-02-16,3963.52
2022-02-17,3932.55
2022-02-18,3930.74
2022-02-21,3938.31
2022-02-22,3930.57
2022-02-23,3912.9
2022-02-24,3926.61
2022-02-25,3913.0
2022-02-28,3937.94
2022-03-01,3884.13
2022-03-02,3836.48
2022-03-03,3756.42
2022-03-04,3826.49
2022-03-07,3812.31
2022-03-08,3771.85
2022-03-09,3742.9
2022-03-10,3817.75
2022-03-11,3819.95
2022-03-14,3798.66
2022-03-15,3831.95
2022-03-16,3836.3
2022-03-17,3825.15
2022-03-18,3817.04
2022-03-22,3761.61
2022-03-23,3784.82
2022-03-24,3788.23
2022-03-25,3794.11
2022-03-28,3786.88
2022-03-29,3756.11
2022-03-30,3757.46
2022-03-31,3771.05
2022-04-01,3754.66
2022-04-04,3706.02
2022-04-05,3741.1
2022-04-06,3750.45
2022-04-07,3769.5
2022-04-08,3754.0
2022-04-11,3739.07
2022-04-12,3732.73
2022-04-13,3723.0
2022-04-14,3721.5
2022-04-18,3733.42
2022-04-19,3749.82
2022-04-20,3760.66
2022-04-21,3766.66
2022-04-22,3857.75
2022-04-25,3933.44
2022-04-26,3942.93
2022-04-27,3955.54
2022-04-28,3981.27
2022-04-29,3960.95
2022-05-02,4010.02
2022-05-03,4029.27
2022-05-04,4066.36
2022-05-05,4083.04
2022-05-06,4053.93
2022-05-09,4091.11
2022-05-10,4074.07
2022-05-11,4086.02
2022-05-12,4110.69
2022-05-13,4109.88
2022-05-16,4058.19
2022-05-17,4029.43
2022-05-18,4071.49
2022-05-19,4053.3
2022-05-20,3971.78
2022-05-23,3977.52
2022-05-24,3976.17
2022-05-25,3936.63
2022-05-26,3922.0
2022-05-27,3932.59
2022-05-31,3772.1
2022-06-01,3799.92
2022-06-02,3773.9
2022-06-03,3788.32
2022-06-06,3795.43
2022-06-07,3784.8
2022-06-08,3807.14
2022-06-09,3850.67
2022-06-10,3940.95
2022-06-13,3970.75
2022-06-14,3967.8
2022-06-15,3892.35
2022-06-16,3900.17
2022-06-17,3902.05
2022-06-21,4023.94
2022-06-22,4019.47
2022-06-23,4108.38
2022-06-24,4138.38
2022-06-28,4096.76
2022-06-29,4115.65
2022-06-30,4155.11
2022-07-01,4198.39
2022-07-04,4188.58
2022-07-05,4278.88
2022-07-06,4352.71
2022-07-07,4395.35
2022-07-08,4420.75
2022-07-11,4575.04
2022-07-12,4626.8
2022-07-13,4490.4
2022-07-14,4493.45
2022-07-15,4361.45
2022-07-18,4308.83
2022-07-19,4321.85
2022-07-21,4424.39
2022-07-22,4464.5
2022-07-25,4466.98
2022-07-26,4446.58
2022-07-27,4422.08
2022-07-28,4372.02
2022-07-29,4295.52
2022-08-01,4269.95
2022-08-02,4325.2
2022-08-03,4307.25
2022-08-04,4289.45
2022-08-05,4348.02
2022-08-08,4316.9
2022-08-09,4349.51
2022-08-10,4273.0
2022-08-11,4228.19
2022-08-12,4160.1
2022-08-16,4247.59
2022-08-17,4345.24
2022-08-18,4389.88
2022-08-19,4377.35
2022-08-22,4397.12
2022-08-23,4357.39
2022-08-24,4409.25
2022-08-25,4393.1
2022-08-26,4403.95
2022-08-29,4369.2
2022-08-30,4421.52
2022-08-31,4429.17
2022-09-01,4486.85
2022-09-02,4482.63
2022-09-05,4474.55
2022-09-06,4478.55
2022-09-07,4404.47
2022-09-08,4397.19
2022-09-09,4353.27
2022-09-12,4359.58
2022-09-13,4412.0
2022-09-14,4386.49
2022-09-15,4418.66
2022-09-16,4435.9
2022-09-19,4406.2
2022-09-20,4423.8
2022-09-21,4403.75
2022-09-22,4367.91
2022-09-23,4448.02
2022-09-26,4544.03
2022-09-27,4559.81
2022-09-28,4487.17
2022-09-29,4530.47
2022-09-30,4608.75
2022-10-03,4530.05
2022-10-04,4498.52
2022-10-05,4582.2
2022-10-06,4609.27
2022-10-07,4622.88
2022-10-10,4606.02
2022-10-11,4607.25
2022-10-12,4607.33
2022-10-13,4575.7
2022-10-14,4698.5
2022-10-17,4685.92
2022-10-18,4766.05
2022-10-19,4841.75
2022-10-20,4906.8
2022-10-21,4915.58
2022-10-24,4990.7
2022-10-25,4976.25
2022-10-26,4886.46
2022-10-27,4822.41
2022-10-28,4833.4
2022-10-31,4940.08
2022-11-01,5008.67
2022-11-02,5011.58
2022-11-03,5075.25
2022-11-04,5120.15
2022-11-08,4950.2
2022-11-09,4878.71
2022-11-10,4801.95
2022-11-11,4808.95
2022-11-14,4805.54
2022-11-15,4858.7
2022-11-16,4952.85
2022-11-17,4992.25
2022-11-18,4988.42
2022-11-21,4945.63
2022-11-22,4905.27
2022-11-23,4890.2
2022-11-24,4885.58
2022-11-25,4866.17
2022-11-28,4834.51
2022-11-29,4809.52
2022-11-30,4834.25
2022-12-01,4765.75
2022-12-02,4776.65
2022-12-05,4839.85
2022-12-06,4834.0
2022-12-07,4827.99
2022-12-09,4809.6
2022-12-12,4849.2
2022-12-13,4763.41
2022-12-14,4781.17
2022-12-15,4793.72
2022-12-16,4787.8
2022-12-19,4777.12
2022-12-20,4769.23
2022-12-21,4770.09
2022-12-22,4761.78
2022-12-23,4737.68
2022-12-26,4741.75
2022-12-27,4765.7
2022-12-28,4774.5
2022-12-29,4852.5
2023-01-03,4896.24
2023-01-04,4929.67
2023-01-05,4966.75
2023-01-06,4855.48
2023-01-10,4787.6
2023-01-11,4733.1
2023-01-12,4685.04
2023-01-13,4688.68
2023-01-16,4681.81
2023-01-17,4734.3
2023-01-18,4696.9
2023-01-19,4669.98
2023-01-20,4585.58
2023-01-23,4544.55
2023-01-24,4522.19
2023-01-25,4538.83
2023-01-26,4519.0
2023-01-27,4577.04
2023-01-30,4654.9
2023-01-31,4670.86
2023-02-01,4625.24
2023-02-02,4619.66
2023-02-03,4697.77
2023-02-06,4786.74
2023-02-07,4727.5
2023-02-08,4761.02
2023-02-09,4736.06
2023-02-10,4799.67
2023-02-13,4787.75
2023-02-14,4797.54
2023-02-15,4925.01
2023-02-16,4924.13
2023-02-17,4906.4
2023-02-20,4913.74
2023-02-21,4959.95
2023-02-22,4896.2
2023-02-23,4857.38
2023-02-24,4837.13
2023-02-27,4761.75
2023-02-28,4862.66
2023-03-01,4832.35
2023-03-02,4806.59
2023-03-03,4784.42
2023-03-06,4704.96
2023-03-07,4767.74
2023-03-08,4777.66
2023-03-10,4713.45
2023-03-13,4768.17
2023-03-14,4740.71
2023-03-15,4844.01
2023-03-16,4877.04
2023-03-17,4827.25
2023-03-21,4803.06
2023-03-22,4768.04
2023-03-23,4742.88
2023-03-24,4735.7
2023-03-27,4687.87
2023-03-28,4668.47
2023-03-29,4614.33
2023-03-30,4623.09
2023-04-03,4604.77
2023-04-04,4582.35
2023-04-05,4568.55
2023-04-10,4556.34
2023-04-11,4509.46
2023-04-12,4450.46
2023-04-13,4418.67
2023-04-14,4414.93
2023-04-17,4437.46
2023-04-18,4491.38
2023-04-19,4520.89
2023-04-20,4537.3
2023-04-21,4514.3
2023-04-24,4482.52
2023-04-25,4477.33
2023-04-26,4534.0
2023-04-27,4652.06
2023-04-28,4695.27
2023-05-02,4694.14
2023-05-03,4662.52
2023-05-04,4602.98
2023-05-05,4524.86
2023-05-08,4508.6
2023-05-09,4556.24
2023-05-10,4547.33
2023-05-11,4567.13
2023-05-12,4552.89
2023-05-15,4492.5
2023-05-16,4526.18
2023-05-17,4505.75
2023-05-18,4520.41
2023-05-19,4531.19
2023-05-23,4478.25
2023-05-24,4447.98
2023-05-25,4489.13
2023-05-26,4445.77
2023-05-29,4431.25
2023-05-30,4392.75
2023-05-31,4451.11
2023-06-01,4396.88
2023-06-02,4349.6
2023-06-05,4281.15
2023-06-06,4228.0
2023-06-07,4209.54
2023-06-08,4170.58
2023-06-09,4170.08
2023-06-13,4195.05
2023-06-14,4172.51
2023-06-15,4153.36
2023-06-16,4162.25
2023-06-20,4161.11
2023-06-21,4146.48
2023-06-22,4101.45
2023-06-23,4187.48
2023-06-26,4172.82
2023-06-27,4170.0
2023-06-28,4146.6
2023-06-29,4166.01
2023-06-30,4171.7
2023-07-04,4140.0
2023-07-05,4137.63
2023-07-06,4188.39
2023-07-07,4155.0
2023-07-10,4163.0
2023-07-11,4183.62
2023-07-12,4127.82
2023-07-13,4096.17
2023-07-14,4071.52
2023-07-17,4039.11
2023-07-18,3996.45
2023-07-19,3977.0
2023-07-21,3955.2
2023-07-24,3949.3
2023-07-25,3959.36
2023-07-26,3943.95
2023-07-27,3934.65
2023-07-28,3916.0
2023-07-31,3891.2
2023-08-01,3955.84
2023-08-02,4057.05
2023-08-03,4156.25
2023-08-04,4065.52
2023-08-08,4078.52
2023-08-09,4016.23
2023-08-10,3951.98
2023-08-11,3968.88
2023-08-14,4035.1
2023-08-15,4087.63
2023-08-16,4131.48
2023-08-17,4100.21
2023-08-18,4130.84
2023-08-22,4110.38
2023-08-23,4085.23
2023-08-24,4087.98
2023-08-25,4127.58
2023-08-28,4110.88
2023-08-29,4099.87
2023-08-30,4091.73
2023-08-31,4095.81
2023-09-01,4064.0
2023-09-04,4052.75
2023-09-05,4084.0
2023-09-06,4074.4
2023-09-07,4038.93
2023-09-08,4023.5
2023-09-11,3989.61
2023-09-12,3983.74
2023-09-13,3950.23
2023-09-14,3920.54
2023-09-15,3924.17
2023-09-18,3926.35
2023-09-19,3911.24
2023-09-20,3916.77
2023-09-21,3924.0
2023-09-22,3978.84
2023-09-25,4052.08
2023-09-26,4064.2
2023-09-27,4093.75
2023-09-28,4075.77
2023-09-29,4067.88
2023-10-02,4158.75
2023-10-03,4217.5
2023-10-04,4264.25
2023-10-05,4349.5
2023-10-06,4339.4
2023-10-09,4317.6
2023-10-10,4229.44
2023-10-11,4229.66
2023-10-12,4224.77
2023-10-13,4237.16
2023-10-17,4192.0
2023-10-18,4236.7
2023-10-19,4229.78
2023-10-20,4225.28
2023-10-23,4225.03
2023-10-24,4217.31
2023-10-25,4195.28
2023-10-26,4128.66
2023-10-27,4108.29
2023-10-30,4066.04
2023-10-31,4119.25
2023-11-01,4105.54
2023-11-02,4046.5
2023-11-03,3977.38
2023-11-07,4014.48
2023-11-08,4080.5
2023-11-09,4025.69
2023-11-10,4035.0
2023-11-14,3968.75
2023-11-15,4022.5
2023-11-16,4091.27
2023-11-17,4092.48
2023-11-20,4036.14
2023-11-21,4072.5
2023-11-22,4070.25
2023-11-23,4067.35
2023-11-24,4039.62
2023-11-27,3976.94
2023-11-28,3953.98
2023-11-29,3992.32
2023-11-30,4035.48
2023-12-01,3967.85
2023-12-04,4017.72
2023-12-05,3998.2
2023-12-06,4000.4
2023-12-07,3991.38
2023-12-11,3985.75
2023-12-12,3996.19
2023-12-13,3998.52
2023-12-14,3967.0
2023-12-15,3938.0
2023-12-18,3935.5
2023-12-19,3935.25
2023-12-20,3941.62
2023-12-21,3948.24
2023-12-22,3905.59
2023-12-26,3858.45
2023-12-27,3829.26
2023-12-28,3854.92
2024-01-02,3881.5
2024-01-03,3920.38
2024-01-04,3933.5
2024-01-05,3877.54
2024-01-09,3939.31
2024-01-10,3941.25
2024-01-11,3924.73
2024-01-12,3912.53
2024-01-15,3906.25
2024-01-16,3942.69
2024-01-17,3966.11
2024-01-18,3918.32
2024-01-19,3910.64
2024-01-22,3901.38
2024-01-23,3953.31
2024-01-24,3917.13
2024-01-25,3941.18
2024-01-26,3912.6
2024-01-29,3930.0
2024-01-30,3915.0
2024-01-31,3914.9
2024-02-01,3888.25
2024-02-02,3935.8
2024-02-05,3966.59
2024-02-06,3953.5
2024-02-07,3958.39
2024-02-08,3948.51
2024-02-09,3922.34
2024-02-12,3915.39
2024-02-13,3925.2
2024-02-14,3917.5
2024-02-15,3909.5
2024-02-16,3908.54
2024-02-19,3912.7
2024-02-20,3921.9
2024-02-21,3925.48
2024-02-22,3929.02
2024-02-23,3964.07
2024-02-26,3958.87
2024-02-27,3933.04
2024-02-28,3925.0
2024-02-29,3925.76
2024-03-01,3947.61
2024-03-04,3941.96
2024-03-05,3945.02
2024-03-06,3921.27
2024-03-07,3916.7
2024-03-08,3901.75
2024-03-11,3915.11
2024-03-12,3924.38
2024-03-13,3904.33
2024-03-14,3893.81
2024-03-15,3882.89
2024-03-18,3896.5
2024-03-19,3879.7
2024-03-20,3893.73
2024-03-21,3902.02
2024-03-22,3894.44
2024-03-26,3856.88
2024-03-27,3852.31
2024-04-01,3864.23
2024-04-02,3829.73
2024-04-03,3813.0
2024-04-04,3767.95
2024-04-05,3766.05
2024-04-08,3770.01
2024-04-09,3773.99
2024-04-10,3810.85
2024-04-11,3827.47
2024-04-12,3861.6
2024-04-15,3902.36
2024-04-16,3917.05
2024-04-17,3901.73
2024-04-18,3938.2
2024-04-19,3910.34
2024-04-22,3915.84
2024-04-23,3909.38
2024-04-24,3939.21
2024-04-25,3955.52
2024-04-26,3902.9
2024-04-29,3866.4
2024-04-30,3919.57
2024-05-02,3905.05
2024-05-03,3913.25
2024-05-06,3896.05
2024-05-07,3887.56
2024-05-08,3899.26
2024-05-09,3898.75
2024-05-10,3889.21
2024-05-14,3847.0
2024-05-15,3823.17
2024-05-16,3829.75
2024-05-17,3829.43
2024-05-20,3817.92
2024-05-21,3814.15
2024-05-22,3827.96
2024-05-23,3866.94
2024-05-24,3874.83
2024-05-27,3874.4
2024-05-28,3846.53
2024-05-29,3875.0
2024-05-30,3868.91
2024-05-31,3867.04
2024-06-04,3936.57
2024-06-05,3935.27
2024-06-06,3937.61
2024-06-07,3934.5
2024-06-11,3985.31
2024-06-12,4027.61
2024-06-13,4147.88
2024-06-14,4139.44
2024-06-17,4130.58
2024-06-18,4137.0
2024-06-19,4160.85
2024-06-20,4172.91
2024-06-21,4145.99
2024-06-24,4091.17
2024-06-25,4099.33
2024-06-26,4136.72
2024-06-27,4167.98
2024-06-28,4153.08
2024-07-02,4128.61
2024-07-03,4102.34
2024-07-04,4097.38
2024-07-05,4087.41
2024-07-08,4048.04
2024-07-09,4016.03
2024-07-10,3969.92
2024-07-11,3978.4
2024-07-12,3922.1
2024-07-15,3947.79
2024-07-16,3982.46
2024-07-17,4002.71
2024-07-18,4044.66
2024-07-19,4037.56
2024-07-22,3995.69
2024-07-23,4010.93
2024-07-24,4042.73
2024-07-25,4031.75
2024-07-26,4024.06
2024-07-29,4065.92
2024-07-30,4084.93
2024-07-31,4063.9
2024-08-01,4087.66
2024-08-02,4132.0
2024-08-05,4156.5
2024-08-06,4139.52
2024-08-08,4073.0
2024-08-09,4072.09
2024-08-12,4055.28
2024-08-13,4032.41
2024-08-14,4019.63
2024-08-15,4011.71
2024-08-16,4030.25
2024-08-20,4010.55
2024-08-21,4029.54
2024-08-22,4063.99
2024-08-23,4028.51
2024-08-26,4024.91
2024-08-27,4038.35
2024-08-28,4096.5
2024-08-29,4120.09
2024-08-30,4177.58
2024-09-02,4165.62
2024-09-03,4185.7
2024-09-04,4172.84
2024-09-05,4158.04
2024-09-06,4174.4
2024-09-09,4243.67
2024-09-10,4280.35
2024-09-11,4269.8
2024-09-12,4208.77
2024-09-13,4184.62
2024-09-16,4233.9
2024-09-17,4211.66
2024-09-18,4182.07
2024-09-19,4160.62
2024-09-20,4151.59
2024-09-23,4157.5
2024-09-24,4154.25
2024-09-25,4198.43
2024-09-26,4158.96
2024-09-27,4178.15
2024-09-30,4206.9
2024-10-01,4221.89
2024-10-02,4183.12
2024-10-03,4191.27
2024-10-04,4169.09
2024-10-07,4214.95
2024-10-08,4227.37
2024-10-09,4234.76
2024-10-10,4201.27
2024-10-11,4209.42
2024-10-15,4247.75
2024-10-16,4264.13
2024-10-17,4256.74
2024-10-18,4272.1
2024-10-21,4276.25
2024-10-22,4265.07
2024-10-23,4316.83
2024-10-24,4301.0
2024-10-25,4327.5
2024-10-28,4336.36
2024-10-29,4388.25
2024-10-30,4417.25
2024-10-31,4423.83
2024-11-01,4435.79
2024-11-05,4408.36
2024-11-06,4412.2
2024-11-07,4308.04
2024-11-08,4361.71
2024-11-12,4452.0
2024-11-13,4478.56
2024-11-14,4486.0
2024-11-15,4429.77
2024-11-18,4402.75
2024-11-19,4391.99
2024-11-20,4402.06
2024-11-21,4392.45
2024-11-22,4416.49
2024-11-25,4385.8
2024-11-26,4402.38
2024-11-27,4386.95
2024-11-28,4402.49
2024-11-29,4433.36
2024-12-02,4460.08
2024-12-03,4440.81
2024-12-04,4415.73
2024-12-05,4415.27
2024-12-06,4407.95
2024-12-09,4372.26
2024-12-10,4371.19
2024-12-11,4345.1
2024-12-12,4346.97
2024-12-13,4317.91
2024-12-16,4321.25
2024-12-17,4345.8
2024-12-18,4372.84
2024-12-19,4378.59
2024-12-20,4386.38
2024-12-23,4419.98
2024-12-24,4373.69
2024-12-26,4383.85
2024-12-27,4408.03
2024-12-30,4404.8
2024-12-31,4405.77
2025-01-02,4375.3
2025-01-03,4346.85
2025-01-07,4340.06
2025-01-08,4327.2
2025-01-09,4332.0
2025-01-10,4345.0
2025-01-13,4306.75
2025-01-14,4294.5
2025-01-15,4302.14
2025-01-16,4343.73
2025-01-17,4335.35
2025-01-20,4318.75
2025-01-21,4306.16
2025-01-22,4266.2
2025-01-23,4230.88
2025-01-24,4178.25
2025-01-27,4198.48
2025-01-28,4219.0
2025-01-29,4169.15
2025-01-30,4155.03
2025-01-31,4209.33
2025-02-03,4161.71
2025-02-04,4160.14
2025-02-05,4176.42
2025-02-06,4135.67
2025-02-07,4122.38
2025-02-10,4137.3
2025-02-11,4139.46
2025-02-12,4167.04
2025-02-13,4139.08
2025-02-14,4126.25
2025-02-17,4126.85
2025-02-18,4093.0
2025-02-19,4101.37
2025-02-20,4076.72
2025-02-21,4082.25
2025-02-24,4118.26
2025-02-25,4128.66
2025-02-26,4103.88
2025-02-27,4131.46
2025-02-28,4154.14
2025-03-03,4108.13
2025-03-04,4159.5
2025-03-05,4112.75
2025-03-06,4102.99
2025-03-07,4130.83
2025-03-10,4179.77
2025-03-11,4132.3
2025-03-12,4107.04
2025-03-13,4124.38
2025-03-14,4100.22
2025-03-17,4072.39
2025-03-18,4118.11
2025-03-19,4162.88
2025-03-20,4171.58
2025-03-21,4144.75
2025-03-25,4107.81
2025-03-26,4129.0
2025-03-27,4170.55
2025-03-28,4201.7
2025-03-31,4182.91
2025-04-01,4145.5
2025-04-02,4156.13
2025-04-03,4156.2
2025-04-04,4274.23
2025-04-07,4384.8
2025-04-08,4425.25
2025-04-09,4319.28
2025-04-10,4333.35
2025-04-11,4276.97
2025-04-14,4298.31
2025-04-15,4355.02
2025-04-16,4305.77
2025-04-21,4281.54
2025-04-22,4294.62
2025-04-23,4306.42
2025-04-24,4266.84
2025-04-25,4217.75
2025-04-28,4217.08
2025-04-29,4186.64
2025-04-30,4226.88
2025-05-01,4242.65
2025-05-02,4250.16
2025-05-05,4300.22
2025-05-06,4305.67
2025-05-07,4284.83
2025-05-08,4251.67
2025-05-09,4224.45
2025-05-12,4226.51
2025-05-13,4219.56
2025-05-14,4181.17
2025-05-15,4200.56
2025-05-16,4176.25
2025-05-19,4173.03
2025-05-20,4167.2
2025-05-21,4176.57
2025-05-22,4175.38
2025-05-23,4150.95
2025-05-26,4149.95
2025-05-27,4112.01
2025-05-28,4124.92
2025-05-29,4119.47
2025-05-30,4160.22
2025-06-03,4107.95
2025-06-04,4108.95
2025-06-05,4108.8
2025-06-06,4115.39
2025-06-09,4141.54
2025-06-10,4205.71
2025-06-11,4180.19
2025-06-12,4153.25
2025-06-13,4131.56
2025-06-16,4104.95
2025-06-17,4099.86
2025-06-18,4068.2
2025-06-19,4077.72
2025-06-20,4094.82
2025-06-24,4077.5
2025-06-25,4061.75
2025-06-26,4040.25
2025-06-27,4099.51
2025-07-01,4027.35
2025-07-02,3994.4
2025-07-03,3983.84
2025-07-04,3984.45
2025-07-07,4043.05
2025-07-08,4047.23
2025-07-09,4007.9
2025-07-10,4010.75
2025-07-11,4000.65
2025-07-14,4001.53
2025-07-15,4027.01
2025-07-16,4014.09
2025-07-17,4019.74
2025-07-18,4015.52
2025-07-21,4044.73
2025-07-22,4075.65
2025-07-23,4044.73
2025-07-24,4072.67
2025-07-25,4140.37
2025-07-28,4166.29
2025-07-29,4142.13
2025-07-30,4181.7
2025-07-31,4185.58
2025-08-01,4127.2
2025-08-04,4097.52
2025-08-05,4089.69
2025-08-06,4046.19
2025-08-08,4050.11
2025-08-11,4034.21
2025-08-12,4017.76
2025-08-13,4028.49
2025-08-14,4052.4
2025-08-15,4014.7
2025-08-19,4032.15
2025-08-20,4020.48
2025-08-21,4030.6
2025-08-22,4010.8
2025-08-25,4026.1
2025-08-26,4054.23
2025-08-27,4029.23
2025-08-28,4026.55
2025-08-29,4017.05
2025-09-01,4016.55
2025-09-02,4003.04
2025-09-03,4005.4
2025-09-04,3987.1
2025-09-05,3959.51
2025-09-08,3940.35
2025-09-09,3922.1
2025-09-10,3924.25
2025-09-11,3893.02
2025-09-12,3896.5
2025-09-15,3905.95
2025-09-16,3870.56
2025-09-17,3877.68
2025-09-18,3894.98
2025-09-19,3865.37
2025-09-22,3846.2
2025-09-23,3856.86
2025-09-24,3883.29
2025-09-25,3904.35
2025-09-26,3900.6
2025-09-29,3919.32
2025-09-30,3920.46
2025-10-01,3879.38
2025-10-02,3885.67
2025-10-03,3869.8
2025-10-06,3854.89
2025-10-07,3875.21
2025-10-08,3891.88
2025-10-09,3885.77
2025-10-10,3923.53
2025-10-14,3924.17
2025-10-15,3894.88
2025-10-16,3844.59
2025-10-17,3831.32
2025-10-20,3884.52
2025-10-21,3892.88
2025-10-22,3909.61
2025-10-23,3882.05
2025-10-24,3852.07
2025-10-27,3848.27
2025-10-28,3897.41
2025-10-29,3873.6
2025-10-30,3862.4
2025-10-31,3854.68
2025-11-04,3857.9
2025-11-05,3834.5
2025-11-06,3785.9
2025-11-07,3783.68
2025-11-10,3754.4
2025-11-11,3736.47
2025-11-12,3707.02
2025-11-13,3745.98
2025-11-14,3755.13
2025-11-17,3755.94
2025-11-18,3722.17
2025-11-19,3713.67
2025-11-20,3763.92
2025-11-21,3807.4
2025-11-24,3801.71
2025-11-25,3813.3
2025-11-26,3729.34
2025-11-27,3743.55
2025-11-28,3755.34
2025-12-01,3815.61
2025-12-02,3811.0
2025-12-03,3763.79
2025-12-04,3799.05
2025-12-05,3842.61
2025-12-09,3864.73
2025-12-10,3839.77
2025-12-11,3802.73
2025-12-12,3800.46
2025-12-15,3830.05
2025-12-16,3843.64
2025-12-17,3864.8
2025-12-18,3859.92
2025-12-19,3823.85
2025-12-22,3783.35
2025-12-23,3760.55
2025-12-24,3736.1
2025-12-26,3697.0
2025-12-29,3748.3
2025-12-30,3777.62
